-- MySQL dump 10.13  Distrib 8.0.29, for macos12 (x86_64)
--
-- Host: 127.0.0.1    Database: online_bank_db
-- ------------------------------------------------------
-- Server version	5.7.38

/*!40101 SET @OLD_CHARACTER_SET_CLIENT=@@CHARACTER_SET_CLIENT */;
/*!40101 SET @OLD_CHARACTER_SET_RESULTS=@@CHARACTER_SET_RESULTS */;
/*!40101 SET @OLD_COLLATION_CONNECTION=@@COLLATION_CONNECTION */;
/*!50503 SET NAMES utf8 */;
/*!40103 SET @OLD_TIME_ZONE=@@TIME_ZONE */;
/*!40103 SET TIME_ZONE='+00:00' */;
/*!40014 SET @OLD_UNIQUE_CHECKS=@@UNIQUE_CHECKS, UNIQUE_CHECKS=0 */;
/*!40014 SET @OLD_FOREIGN_KEY_CHECKS=@@FOREIGN_KEY_CHECKS, FOREIGN_KEY_CHECKS=0 */;
/*!40101 SET @OLD_SQL_MODE=@@SQL_MODE, SQL_MODE='NO_AUTO_VALUE_ON_ZERO' */;
/*!40111 SET @OLD_SQL_NOTES=@@SQL_NOTES, SQL_NOTES=0 */;

--
-- Table structure for table `account`
--

DROP TABLE IF EXISTS `account`;
/*!40101 SET @saved_cs_client     = @@character_set_client */;
/*!50503 SET character_set_client = utf8mb4 */;
CREATE TABLE `account` (
  `id` bigint(20) NOT NULL AUTO_INCREMENT,
  `account_name` varchar(255) DEFAULT NULL,
  `account_number` varchar(255) DEFAULT NULL,
  `account_type` varchar(255) DEFAULT NULL,
  `account_balance` double DEFAULT NULL,
  `created_date` datetime NOT NULL,
  `currency` varchar(255) DEFAULT NULL,
  `last_modified_date` datetime NOT NULL,
  `user_id` bigint(20) DEFAULT NULL,
  `account_status` bit(1) DEFAULT NULL,
  PRIMARY KEY (`id`),
  KEY `FK7m8ru44m93ukyb61dfxw0apf6` (`user_id`),
  CONSTRAINT `FK7m8ru44m93ukyb61dfxw0apf6` FOREIGN KEY (`user_id`) REFERENCES `user` (`id`)
) ENGINE=InnoDB AUTO_INCREMENT=12 DEFAULT CHARSET=latin1;
/*!40101 SET character_set_client = @saved_cs_client */;

--
-- Dumping data for table `account`
--

LOCK TABLES `account` WRITE;
/*!40000 ALTER TABLE `account` DISABLE KEYS */;
INSERT INTO `account` VALUES (1,'General Account','110025301405242155','savings',504574800,'2022-07-27 22:49:44','TZS','2022-09-11 17:35:49',3,_binary '\0'),(2,'Faida Account','110030111351114545','savings',22000000,'2022-07-27 23:14:57','TZS','2022-07-28 10:52:07',1,_binary '\0'),(3,'Faida Account','110052053510413441','savings',105570000,'2022-07-27 23:15:17','TZS','2022-09-12 12:49:55',2,_binary '\0'),(4,'Faida Account','110050041521314130','savings',50050000,'2022-07-27 23:15:33','TZS','2022-07-28 21:59:55',4,_binary '\0'),(5,'Faida Account','110052535015212353','savings',100090200,'2022-07-27 23:16:16','TZS','2022-07-31 23:05:33',5,_binary '\0'),(6,'Savings Account','110012555521503353','savings',20190000,'2022-07-27 23:16:40','TZS','2022-09-15 12:45:10',6,_binary '\0'),(7,'Faida Account','110034425155512301','savings',100000000,'2022-07-27 23:16:52','TZS','2022-07-28 22:02:55',7,_binary '\0'),(8,'Faida Account','110051005301014150','savings',675000,'2022-07-27 23:17:00','TZS','2022-07-28 10:59:56',8,_binary '\0'),(9,'Faida Account','110021023141434114','savings',83850000,'2022-07-27 23:17:09','TZS','2022-07-29 20:43:10',9,_binary '\0'),(10,'Currency Account','110024210100032421','currency',13000000,'2022-07-31 15:08:17','TZS','2022-09-15 12:45:10',6,_binary '\0'),(11,'Currency Account','110053433142344220','savings',0,'2022-07-31 23:04:20','TZS','2022-07-31 23:04:20',5,_binary '\0');
/*!40000 ALTER TABLE `account` ENABLE KEYS */;
UNLOCK TABLES;

--
-- Table structure for table `check_book_request`
--

DROP TABLE IF EXISTS `check_book_request`;
/*!40101 SET @saved_cs_client     = @@character_set_client */;
/*!50503 SET character_set_client = utf8mb4 */;
CREATE TABLE `check_book_request` (
  `id` bigint(20) NOT NULL AUTO_INCREMENT,
  `approved` bit(1) NOT NULL,
  `collected` bit(1) NOT NULL,
  `collected_date` varchar(255) DEFAULT NULL,
  `created_date` datetime NOT NULL,
  `last_modified_date` datetime NOT NULL,
  `customer_id` bigint(20) DEFAULT NULL,
  `customer_name` varchar(255) DEFAULT NULL,
  PRIMARY KEY (`id`),
  KEY `FKgga9nsdsi5llcybky8y3tc9ox` (`customer_id`),
  CONSTRAINT `FKgga9nsdsi5llcybky8y3tc9ox` FOREIGN KEY (`customer_id`) REFERENCES `user` (`id`)
) ENGINE=InnoDB AUTO_INCREMENT=48 DEFAULT CHARSET=latin1;
/*!40101 SET character_set_client = @saved_cs_client */;

--
-- Dumping data for table `check_book_request`
--

LOCK TABLES `check_book_request` WRITE;
/*!40000 ALTER TABLE `check_book_request` DISABLE KEYS */;
INSERT INTO `check_book_request` VALUES (1,_binary '\0',_binary '\0','','2022-07-29 19:39:51','2022-07-29 19:39:51',5,NULL),(2,_binary '\0',_binary '\0','','2022-07-29 19:40:16','2022-07-29 19:40:16',5,NULL),(3,_binary '\0',_binary '\0','','2022-07-29 19:40:18','2022-07-29 19:40:18',5,NULL),(4,_binary '\0',_binary '\0','','2022-07-29 19:46:31','2022-07-29 19:46:31',5,NULL),(5,_binary '\0',_binary '\0','','2022-07-29 19:48:11','2022-07-29 19:48:11',6,NULL),(6,_binary '\0',_binary '\0','','2022-07-29 19:48:14','2022-07-29 19:48:14',6,NULL),(7,_binary '\0',_binary '\0','','2022-07-29 19:48:17','2022-07-29 19:48:17',6,NULL),(8,_binary '\0',_binary '\0','','2022-07-29 20:33:31','2022-07-29 20:33:31',9,NULL),(9,_binary '\0',_binary '\0','','2022-07-29 20:34:25','2022-07-29 20:34:25',9,NULL),(10,_binary '\0',_binary '\0','','2022-07-29 20:35:10','2022-07-29 20:35:10',6,NULL),(11,_binary '\0',_binary '\0','','2022-07-29 20:36:02','2022-07-29 20:36:02',6,NULL),(12,_binary '\0',_binary '\0','','2022-07-29 20:36:14','2022-07-29 20:36:14',9,NULL),(13,_binary '\0',_binary '\0','','2022-07-30 01:46:05','2022-07-30 01:46:05',5,NULL),(14,_binary '\0',_binary '\0','','2022-07-30 01:46:35','2022-07-30 01:46:35',5,NULL),(15,_binary '\0',_binary '\0','','2022-07-30 01:47:38','2022-07-30 01:47:38',5,NULL),(16,_binary '\0',_binary '\0','','2022-07-30 01:51:14','2022-07-30 01:51:14',6,NULL),(17,_binary '\0',_binary '\0','','2022-07-31 16:52:10','2022-07-31 16:52:10',6,NULL),(18,_binary '\0',_binary '\0','','2022-07-31 21:33:01','2022-07-31 21:33:01',6,NULL),(19,_binary '\0',_binary '\0','','2022-07-31 21:56:45','2022-07-31 21:56:45',6,NULL),(20,_binary '\0',_binary '\0','','2022-07-31 22:23:59','2022-07-31 22:23:59',6,NULL),(21,_binary '\0',_binary '\0','','2022-07-31 22:26:40','2022-07-31 22:26:40',6,NULL),(22,_binary '\0',_binary '\0','','2022-07-31 22:26:51','2022-07-31 22:26:51',6,NULL),(23,_binary '\0',_binary '\0','','2022-07-31 22:57:06','2022-07-31 22:57:06',6,NULL),(24,_binary '\0',_binary '\0','','2022-07-31 23:00:50','2022-07-31 23:00:50',5,NULL),(25,_binary '\0',_binary '\0','','2022-08-01 01:38:11','2022-08-01 01:38:11',5,NULL),(26,_binary '\0',_binary '\0','','2022-08-01 01:38:14','2022-08-01 01:38:14',5,NULL),(27,_binary '\0',_binary '\0','','2022-08-01 01:38:17','2022-08-01 01:38:17',5,NULL),(28,_binary '\0',_binary '\0','','2022-08-01 01:38:25','2022-08-01 01:38:25',5,NULL),(29,_binary '\0',_binary '\0','','2022-09-11 18:20:50','2022-09-11 18:20:50',5,NULL),(30,_binary '\0',_binary '\0','','2022-09-11 18:41:43','2022-09-11 18:41:43',6,NULL),(31,_binary '\0',_binary '\0','','2022-09-11 18:42:03','2022-09-11 18:42:03',6,NULL),(32,_binary '\0',_binary '\0','','2022-09-12 09:55:22','2022-09-12 09:55:22',6,NULL),(33,_binary '\0',_binary '\0','','2022-09-12 10:18:46','2022-09-12 10:18:46',6,NULL),(34,_binary '\0',_binary '\0','','2022-09-12 14:33:01','2022-09-12 14:33:01',6,NULL),(35,_binary '\0',_binary '\0','','2022-09-12 14:38:40','2022-09-12 14:38:40',6,NULL),(36,_binary '\0',_binary '\0','','2022-09-12 14:51:07','2022-09-12 14:51:07',6,NULL),(37,_binary '\0',_binary '\0','','2022-09-12 14:52:56','2022-09-12 14:52:56',6,NULL),(38,_binary '\0',_binary '\0','','2022-09-12 14:53:39','2022-09-12 14:53:39',6,NULL),(39,_binary '\0',_binary '\0','','2022-09-13 01:12:19','2022-09-13 01:12:19',6,NULL),(40,_binary '\0',_binary '\0','','2022-09-13 02:13:56','2022-09-13 02:13:56',6,NULL),(41,_binary '\0',_binary '\0','','2022-09-13 02:16:24','2022-09-13 02:16:24',6,NULL),(42,_binary '\0',_binary '\0','','2022-09-13 17:03:04','2022-09-13 17:03:04',6,NULL),(43,_binary '\0',_binary '\0','','2022-09-15 11:58:19','2022-09-15 11:58:19',6,NULL),(44,_binary '\0',_binary '\0','','2022-09-15 12:11:43','2022-09-15 12:11:43',6,NULL),(45,_binary '\0',_binary '\0','','2022-09-15 12:19:38','2022-09-15 12:19:38',6,NULL),(46,_binary '\0',_binary '\0','','2022-09-15 12:21:07','2022-09-15 12:21:07',6,NULL),(47,_binary '\0',_binary '\0','','2022-09-15 12:45:10','2022-09-15 12:45:10',6,NULL);
/*!40000 ALTER TABLE `check_book_request` ENABLE KEYS */;
UNLOCK TABLES;

--
-- Table structure for table `hibernate_sequence`
--

DROP TABLE IF EXISTS `hibernate_sequence`;
/*!40101 SET @saved_cs_client     = @@character_set_client */;
/*!50503 SET character_set_client = utf8mb4 */;
CREATE TABLE `hibernate_sequence` (
  `next_val` bigint(20) DEFAULT NULL
) ENGINE=InnoDB DEFAULT CHARSET=latin1;
/*!40101 SET character_set_client = @saved_cs_client */;

--
-- Dumping data for table `hibernate_sequence`
--

LOCK TABLES `hibernate_sequence` WRITE;
/*!40000 ALTER TABLE `hibernate_sequence` DISABLE KEYS */;
INSERT INTO `hibernate_sequence` VALUES (93);
/*!40000 ALTER TABLE `hibernate_sequence` ENABLE KEYS */;
UNLOCK TABLES;

--
-- Table structure for table `settings`
--

DROP TABLE IF EXISTS `settings`;
/*!40101 SET @saved_cs_client     = @@character_set_client */;
/*!50503 SET character_set_client = utf8mb4 */;
CREATE TABLE `settings` (
  `id` bigint(20) NOT NULL AUTO_INCREMENT,
  `account_number` varchar(255) DEFAULT NULL,
  `address` varchar(255) DEFAULT NULL,
  `company_name` varchar(255) DEFAULT NULL,
  `created_date` datetime DEFAULT NULL,
  `last_modified_date` datetime DEFAULT NULL,
  `mobile` varchar(255) DEFAULT NULL,
  `withdraw_fee` varchar(255) DEFAULT NULL,
  PRIMARY KEY (`id`)
) ENGINE=InnoDB AUTO_INCREMENT=2 DEFAULT CHARSET=latin1;
/*!40101 SET character_set_client = @saved_cs_client */;

--
-- Dumping data for table `settings`
--

LOCK TABLES `settings` WRITE;
/*!40000 ALTER TABLE `settings` DISABLE KEYS */;
INSERT INTO `settings` VALUES (1,'110025301405242155','P.O BOX 212121, Dar es Salaam, Tanzania','ICIN Bank PLC','2022-07-28 01:32:59','2022-07-28 01:46:52','0777999998','1600');
/*!40000 ALTER TABLE `settings` ENABLE KEYS */;
UNLOCK TABLES;

--
-- Table structure for table `transaction`
--

DROP TABLE IF EXISTS `transaction`;
/*!40101 SET @saved_cs_client     = @@character_set_client */;
/*!50503 SET character_set_client = utf8mb4 */;
CREATE TABLE `transaction` (
  `id` bigint(20) NOT NULL,
  `amount` varchar(255) DEFAULT NULL,
  `balance` varchar(255) DEFAULT NULL,
  `created_date` datetime DEFAULT NULL,
  `description` varchar(255) DEFAULT NULL,
  `destination_account` varchar(255) DEFAULT NULL,
  `dr_cr` varchar(255) DEFAULT NULL,
  `last_modified_date` datetime DEFAULT NULL,
  `source_account` varchar(255) DEFAULT NULL,
  `user_id` bigint(20) DEFAULT NULL,
  `narration` varchar(255) DEFAULT NULL,
  `status` bit(1) DEFAULT NULL,
  PRIMARY KEY (`id`),
  KEY `FKsg7jp0aj6qipr50856wf6vbw1` (`user_id`),
  CONSTRAINT `FKsg7jp0aj6qipr50856wf6vbw1` FOREIGN KEY (`user_id`) REFERENCES `user` (`id`)
) ENGINE=InnoDB DEFAULT CHARSET=latin1;
/*!40101 SET character_set_client = @saved_cs_client */;

--
-- Dumping data for table `transaction`
--

LOCK TABLES `transaction` WRITE;
/*!40000 ALTER TABLE `transaction` DISABLE KEYS */;
INSERT INTO `transaction` VALUES (1,'1000000.0',' TZS 999,000,000.00','2022-07-28 10:44:49','Deposit 1,000,000','110030111351114545','DR','2022-07-28 10:44:49','110025301405242155',1,'DEBIT 1000000',_binary ''),(2,'1000000.0',' TZS 1,000,000.00','2022-07-28 10:44:49','Deposit 1,000,000','110030111351114545','CR','2022-07-28 10:44:49','110025301405242155',1,'CREDIT 1000000',_binary ''),(3,'100000.0',' TZS 998,900,000.00','2022-07-28 10:48:58','Deposit 100,000/=','110052053510413441','DR','2022-07-28 10:48:58','110025301405242155',1,'DEBIT 100000.0',_binary ''),(4,'100000.0',' TZS 100,000.00','2022-07-28 10:48:58','Deposit 100,000/=','110052053510413441','CR','2022-07-28 10:48:58','110025301405242155',1,'CREDIT 100000.0',_binary ''),(5,'50000.0',' TZS 998,850,000.00','2022-07-28 10:50:24','Deposit 50,000/-','110050041521314130','DR','2022-07-28 10:50:24','110025301405242155',1,'DEBIT 50000.0',_binary ''),(6,'50000.0',' TZS 50,000.00','2022-07-28 10:50:24','Deposit 50,000/-','110050041521314130','CR','2022-07-28 10:50:24','110025301405242155',1,'CREDIT 50000.0',_binary ''),(7,'500000.0',' TZS 998,350,000.00','2022-07-28 10:51:11','Deposit 500,000/-','110021023141434114','DR','2022-07-28 10:51:11','110025301405242155',1,'DEBIT 500000.0',_binary ''),(8,'500000.0',' TZS 500,000.00','2022-07-28 10:51:11','Deposit 500,000/-','110021023141434114','CR','2022-07-28 10:51:11','110025301405242155',1,'CREDIT 500000.0',_binary ''),(9,'2.1E7',' TZS 977,350,000.00','2022-07-28 10:52:07','Deposit 21,000,000/-','110030111351114545','DR','2022-07-28 10:52:07','110025301405242155',1,'DEBIT 2.1E7',_binary ''),(10,'2.1E7',' TZS 22,000,000.00','2022-07-28 10:52:07','Deposit 21,000,000/-','110030111351114545','CR','2022-07-28 10:52:07','110025301405242155',1,'CREDIT 2.1E7',_binary ''),(11,'8000000.0',' TZS 969,350,000.00','2022-07-28 10:57:06','Deposit 8,000,000/-','110012555521503353','DR','2022-07-28 10:57:06','110025301405242155',1,'DEBIT 8,000,000.00',_binary ''),(12,'8000000.0',' TZS 8,000,000.00','2022-07-28 10:57:06','Deposit 8,000,000/-','110012555521503353','CR','2022-07-28 10:57:06','110025301405242155',1,'CREDIT 8,000,000.00',_binary ''),(13,'675000.0',' TZS 968,675,000.00','2022-07-28 10:59:56','Deposit 675,000/-','110051005301014150','DR','2022-07-28 10:59:56','110025301405242155',1,'DEBIT 675,000.00',_binary ''),(14,'675000.0',' TZS 675,000.00','2022-07-28 10:59:56','Deposit 675,000/-','110051005301014150','CR','2022-07-28 10:59:56','110025301405242155',1,'CREDIT 675,000.00',_binary ''),(15,'110200.0',' TZS 968,564,800.00','2022-07-28 11:04:41','Deposit 110,200/-','110052535015212353','DR','2022-07-28 11:04:41','110025301405242155',1,'DEBIT 110,200.00',_binary ''),(16,'110200.0',' TZS 110,200.00','2022-07-28 11:04:41','Deposit 110,200/-','110052535015212353','CR','2022-07-28 11:04:41','110025301405242155',1,'CREDIT 110,200.00',_binary ''),(17,'5000000.0',' TZS 963,564,800.00','2022-07-28 21:59:13','Deposit 5,000,000/-','110052053510413441','DR','2022-07-28 21:59:13','110025301405242155',1,'DEBIT 5,000,000.00',_binary '\0'),(18,'5000000.0',' TZS 5,100,000.00','2022-07-28 21:59:13','Deposit 5,000,000/-','110052053510413441','CR','2022-07-28 21:59:13','110025301405242155',1,'CREDIT 5,000,000.00',_binary '\0'),(19,'5.0E7',' TZS 913,564,800.00','2022-07-28 21:59:55','Deposit 50,000,000/-','110050041521314130','DR','2022-07-28 21:59:55','110025301405242155',1,'DEBIT 50,000,000.00',_binary '\0'),(20,'5.0E7',' TZS 50,050,000.00','2022-07-28 21:59:55','Deposit 50,000,000/-','110050041521314130','CR','2022-07-28 21:59:55','110025301405242155',1,'CREDIT 50,000,000.00',_binary '\0'),(21,'1.0E8',' TZS 813,564,800.00','2022-07-28 22:02:55','deposit 100,000,000/-','110034425155512301','DR','2022-07-28 22:02:55','110025301405242155',1,'DEBIT 100,000,000.00',_binary '\0'),(22,'1.0E8',' TZS 100,000,000.00','2022-07-28 22:02:55','deposit 100,000,000/-','110034425155512301','CR','2022-07-28 22:02:55','110025301405242155',1,'CREDIT 100,000,000.00',_binary '\0'),(23,'50000.0',' TZS 450,000.00','2022-07-29 20:40:43','Transfer 500,000/- to Vivian','110012555521503353','DR','2022-07-29 20:40:43','110021023141434114',NULL,'Transfer TZS 50,000.00 from [110021023141434114] to [110012555521503353]',_binary '\0'),(24,'50000.0',' TZS 8,050,000.00','2022-07-29 20:40:43','Transfer 500,000/- to Vivian','110012555521503353','CR','2022-07-29 20:40:43','110021023141434114',NULL,'Transfer TZS 50,000.00 from [110021023141434114] to [110012555521503353]',_binary '\0'),(25,'50000.0',' TZS 400,000.00','2022-07-29 20:40:59','Transfer 500,000/- to Vivian','110012555521503353','DR','2022-07-29 20:40:59','110021023141434114',NULL,'Transfer TZS 50,000.00 from [110021023141434114] to [110012555521503353]',_binary '\0'),(26,'50000.0',' TZS 8,100,000.00','2022-07-29 20:40:59','Transfer 500,000/- to Vivian','110012555521503353','CR','2022-07-29 20:40:59','110021023141434114',NULL,'Transfer TZS 50,000.00 from [110021023141434114] to [110012555521503353]',_binary '\0'),(27,'50000.0',' TZS 350,000.00','2022-07-29 20:41:03','Transfer 500,000/- to Vivian','110012555521503353','DR','2022-07-29 20:41:03','110021023141434114',NULL,'Transfer TZS 50,000.00 from [110021023141434114] to [110012555521503353]',_binary '\0'),(28,'50000.0',' TZS 8,150,000.00','2022-07-29 20:41:03','Transfer 500,000/- to Vivian','110012555521503353','CR','2022-07-29 20:41:03','110021023141434114',NULL,'Transfer TZS 50,000.00 from [110021023141434114] to [110012555521503353]',_binary '\0'),(29,'1.0E8',' TZS 713,564,800.00','2022-07-29 20:42:25','Deposit 100,000,000/-','110021023141434114','DR','2022-07-29 20:42:25','110025301405242155',1,'Transfer TZS 100,000,000.00 from [110025301405242155] to [110021023141434114]',_binary '\0'),(30,'1.0E8',' TZS 100,350,000.00','2022-07-29 20:42:25','Deposit 100,000,000/-','110021023141434114','CR','2022-07-29 20:42:25','110025301405242155',1,'Transfer TZS 100,000,000.00 from [110025301405242155] to [110021023141434114]',_binary '\0'),(31,'1500000.0',' TZS 98,850,000.00','2022-07-29 20:42:58','Transfer 500,000/- to Vivian','110012555521503353','DR','2022-07-29 20:42:58','110021023141434114',NULL,'Transfer TZS 1,500,000.00 from [110021023141434114] to [110012555521503353]',_binary '\0'),(32,'1500000.0',' TZS 9,650,000.00','2022-07-29 20:42:58','Transfer 500,000/- to Vivian','110012555521503353','CR','2022-07-29 20:42:58','110021023141434114',NULL,'Transfer TZS 1,500,000.00 from [110021023141434114] to [110012555521503353]',_binary '\0'),(33,'1.5E7',' TZS 83,850,000.00','2022-07-29 20:43:10','Transfer 500,000/- to Vivian','110012555521503353','DR','2022-07-29 20:43:10','110021023141434114',NULL,'Transfer TZS 15,000,000.00 from [110021023141434114] to [110012555521503353]',_binary '\0'),(34,'1.5E7',' TZS 24,650,000.00','2022-07-29 20:43:10','Transfer 500,000/- to Vivian','110012555521503353','CR','2022-07-29 20:43:10','110021023141434114',NULL,'Transfer TZS 15,000,000.00 from [110021023141434114] to [110012555521503353]',_binary '\0'),(35,'10000.0',' TZS 24,640,000.00','2022-07-30 01:14:11','transfer 10000','110052053510413441','DR','2022-07-30 01:14:11','110012555521503353',NULL,'Transfer TZS 10,000.00 from [110012555521503353] to [110052053510413441]',_binary '\0'),(36,'10000.0',' TZS 5,110,000.00','2022-07-30 01:14:11','transfer 10000','110052053510413441','CR','2022-07-30 01:14:11','110012555521503353',NULL,'Transfer TZS 10,000.00 from [110012555521503353] to [110052053510413441]',_binary '\0'),(37,'10000.0',' TZS 24,630,000.00','2022-07-30 01:14:38','transfer 10000','110052053510413441','DR','2022-07-30 01:14:38','110012555521503353',NULL,'Transfer TZS 10,000.00 from [110012555521503353] to [110052053510413441]',_binary '\0'),(38,'10000.0',' TZS 5,120,000.00','2022-07-30 01:14:38','transfer 10000','110052053510413441','CR','2022-07-30 01:14:38','110012555521503353',NULL,'Transfer TZS 10,000.00 from [110012555521503353] to [110052053510413441]',_binary '\0'),(39,'50000.0',' TZS 24,580,000.00','2022-07-30 01:17:07','transfer 50000','110052053510413441','DR','2022-07-30 01:17:07','110012555521503353',NULL,'Transfer TZS 50,000.00 from [110012555521503353] to [110052053510413441]',_binary '\0'),(40,'50000.0',' TZS 5,170,000.00','2022-07-30 01:17:07','transfer 50000','110052053510413441','CR','2022-07-30 01:17:07','110012555521503353',NULL,'Transfer TZS 50,000.00 from [110012555521503353] to [110052053510413441]',_binary '\0'),(41,'50000.0',' TZS 24,530,000.00','2022-07-30 01:32:28','transfer 50000','110052053510413441','DR','2022-07-30 01:32:28','110012555521503353',NULL,'Transfer TZS 50,000.00 from [110012555521503353] to [110052053510413441]',_binary '\0'),(42,'50000.0',' TZS 5,220,000.00','2022-07-30 01:32:28','transfer 50000','110052053510413441','CR','2022-07-30 01:32:28','110012555521503353',NULL,'Transfer TZS 50,000.00 from [110012555521503353] to [110052053510413441]',_binary '\0'),(43,'50000.0',' TZS 24,480,000.00','2022-07-30 01:32:39','transfer 50000','110052053510413441','DR','2022-07-30 01:32:39','110012555521503353',NULL,'Transfer TZS 50,000.00 from [110012555521503353] to [110052053510413441]',_binary '\0'),(44,'50000.0',' TZS 5,270,000.00','2022-07-30 01:32:39','transfer 50000','110052053510413441','CR','2022-07-30 01:32:39','110012555521503353',NULL,'Transfer TZS 50,000.00 from [110012555521503353] to [110052053510413441]',_binary '\0'),(45,'100000.0',' TZS 24,380,000.00','2022-07-30 01:33:33','transfer 100000','110052053510413441','DR','2022-07-30 01:33:33','110012555521503353',NULL,'Transfer TZS 100,000.00 from [110012555521503353] to [110052053510413441]',_binary '\0'),(46,'100000.0',' TZS 5,370,000.00','2022-07-30 01:33:33','transfer 100000','110052053510413441','CR','2022-07-30 01:33:33','110012555521503353',NULL,'Transfer TZS 100,000.00 from [110012555521503353] to [110052053510413441]',_binary '\0'),(47,'1.0E7',' TZS 703,564,800.00','2022-07-31 15:09:12','Deposit 10,000,000/-','110024210100032421','DR','2022-07-31 15:09:12','110025301405242155',1,'Transfer TZS 10,000,000.00 from [110025301405242155] to [110024210100032421]',_binary '\0'),(48,'1.0E7',' TZS 10,000,000.00','2022-07-31 15:09:12','Deposit 10,000,000/-','110024210100032421','CR','2022-07-31 15:09:12','110025301405242155',1,'Transfer TZS 10,000,000.00 from [110025301405242155] to [110024210100032421]',_binary '\0'),(49,'1000000.0',' TZS 9,000,000.00','2022-07-31 15:32:11','Withdraw 1,000,000/-','110025301405242155','DR','2022-07-31 15:32:11','110024210100032421',1,'Withdraw TZS 1,000,000.00 from [110024210100032421]',_binary '\0'),(50,'1000000.0',' TZS 704,564,800.00','2022-07-31 15:32:11','Withdraw 1,000,000/-','110025301405242155','CR','2022-07-31 15:32:11','110024210100032421',1,'Withdraw TZS 1,000,000.00 from [110024210100032421]',_binary '\0'),(51,'50000.0',' TZS 24,380,000.00','2022-07-31 18:06:49','transfer 50000','110012555521503353','DR','2022-07-31 18:06:49','110012555521503353',NULL,'Transfer TZS 50,000.00 from [110012555521503353] to [110012555521503353]',_binary '\0'),(52,'50000.0',' TZS 24,380,000.00','2022-07-31 18:06:49','transfer 50000','110012555521503353','CR','2022-07-31 18:06:49','110012555521503353',NULL,'Transfer TZS 50,000.00 from [110012555521503353] to [110012555521503353]',_binary '\0'),(53,'50000.0',' TZS 24,330,000.00','2022-07-31 18:07:18','transfer 50000','110052053510413441','DR','2022-07-31 18:07:18','110012555521503353',NULL,'Transfer TZS 50,000.00 from [110012555521503353] to [110052053510413441]',_binary '\0'),(54,'50000.0',' TZS 5,420,000.00','2022-07-31 18:07:18','transfer 50000','110052053510413441','CR','2022-07-31 18:07:18','110012555521503353',NULL,'Transfer TZS 50,000.00 from [110012555521503353] to [110052053510413441]',_binary '\0'),(55,'50000.0',' TZS 24,280,000.00','2022-07-31 22:14:20','transfer 50000','110052053510413441','DR','2022-07-31 22:14:20','110012555521503353',6,'Transfer TZS 50,000.00 from [110012555521503353] to [110052053510413441]',_binary '\0'),(56,'50000.0',' TZS 5,470,000.00','2022-07-31 22:14:20','transfer 50000','110052053510413441','CR','2022-07-31 22:14:20','110012555521503353',6,'Transfer TZS 50,000.00 from [110012555521503353] to [110052053510413441]',_binary '\0'),(57,'10000.0',' TZS 100,200.00','2022-07-31 23:02:18','Transfer 10000','110012555521503353','DR','2022-07-31 23:02:18','110052535015212353',5,'Transfer TZS 10,000.00 from [110052535015212353] to [110012555521503353]',_binary ''),(58,'10000.0',' TZS 24,290,000.00','2022-07-31 23:02:18','Transfer 10000','110012555521503353','CR','2022-07-31 23:02:18','110052535015212353',5,'Transfer TZS 10,000.00 from [110052535015212353] to [110012555521503353]',_binary ''),(59,'50000.0',' TZS 24,240,000.00','2022-07-31 23:02:57','transfer 50000','110052053510413441','DR','2022-07-31 23:02:57','110012555521503353',6,'Transfer TZS 50,000.00 from [110012555521503353] to [110052053510413441]',_binary ''),(60,'50000.0',' TZS 5,520,000.00','2022-07-31 23:02:57','transfer 50000','110052053510413441','CR','2022-07-31 23:02:57','110012555521503353',6,'Transfer TZS 50,000.00 from [110012555521503353] to [110052053510413441]',_binary ''),(61,'10000.0',' TZS 90,200.00','2022-07-31 23:03:06','Transfer 10000','110052053510413441','DR','2022-07-31 23:03:06','110052535015212353',5,'Transfer TZS 10,000.00 from [110052535015212353] to [110052053510413441]',_binary ''),(62,'10000.0',' TZS 5,530,000.00','2022-07-31 23:03:06','Transfer 10000','110052053510413441','CR','2022-07-31 23:03:06','110052535015212353',5,'Transfer TZS 10,000.00 from [110052535015212353] to [110052053510413441]',_binary ''),(63,'1.0E8',' TZS -99,909,800.00','2022-07-31 23:03:12','Transfer 100000','110052053510413441','DR','2022-07-31 23:03:12','110052535015212353',5,'Transfer TZS 100,000,000.00 from [110052535015212353] to [110052053510413441]',_binary ''),(64,'1.0E8',' TZS 105,530,000.00','2022-07-31 23:03:12','Transfer 100000','110052053510413441','CR','2022-07-31 23:03:12','110052535015212353',5,'Transfer TZS 100,000,000.00 from [110052535015212353] to [110052053510413441]',_binary ''),(65,'2.0E8',' TZS 504,564,800.00','2022-07-31 23:05:33','deposit 200,000,000/-','110052535015212353','DR','2022-07-31 23:05:33','110025301405242155',1,'Transfer TZS 200,000,000.00 from [110025301405242155] to [110052535015212353]',_binary ''),(66,'2.0E8',' TZS 100,090,200.00','2022-07-31 23:05:33','deposit 200,000,000/-','110052535015212353','CR','2022-07-31 23:05:33','110025301405242155',1,'Transfer TZS 200,000,000.00 from [110025301405242155] to [110052535015212353]',_binary ''),(67,'10000.0',' TZS 105,520,000.00','2022-09-11 17:35:49','Withdraw 10000','110025301405242155','DR','2022-09-11 17:35:49','110052053510413441',1,'Withdraw TZS 10,000.00 from [110052053510413441]',_binary ''),(68,'10000.0',' TZS 504,574,800.00','2022-09-11 17:35:49','Withdraw 10000','110025301405242155','CR','2022-09-11 17:35:49','110052053510413441',1,'Withdraw TZS 10,000.00 from [110052053510413441]',_binary ''),(69,'50000.0',' TZS 24,190,000.00','2022-09-12 12:49:55','transfer 50000','110052053510413441','DR','2022-09-12 12:49:55','110012555521503353',6,'Transfer TZS 50,000.00 from [110012555521503353] to [110052053510413441]',_binary ''),(70,'50000.0',' TZS 105,570,000.00','2022-09-12 12:49:55','transfer 50000','110052053510413441','CR','2022-09-12 12:49:55','110012555521503353',6,'Transfer TZS 50,000.00 from [110012555521503353] to [110052053510413441]',_binary ''),(71,'300000.0',' TZS 24,190,000.00','2022-09-12 16:06:00','Transafer Amount to the given account','110012555521503353','DR','2022-09-12 16:06:00','110012555521503353',6,'Transfer TZS 300,000.00 from [110012555521503353] to [110012555521503353]',_binary ''),(72,'300000.0',' TZS 24,190,000.00','2022-09-12 16:06:00','Transafer Amount to the given account','110012555521503353','CR','2022-09-12 16:06:00','110012555521503353',6,'Transfer TZS 300,000.00 from [110012555521503353] to [110012555521503353]',_binary ''),(73,'300000.0',' TZS 24,190,000.00','2022-09-13 01:07:15','Transafer Amount to the given account','110012555521503353','DR','2022-09-13 01:07:15','110012555521503353',6,'Transfer TZS 300,000.00 from [110012555521503353] to [110012555521503353]',_binary ''),(74,'300000.0',' TZS 24,190,000.00','2022-09-13 01:07:15','Transafer Amount to the given account','110012555521503353','CR','2022-09-13 01:07:15','110012555521503353',6,'Transfer TZS 300,000.00 from [110012555521503353] to [110012555521503353]',_binary ''),(75,'300000.0',' TZS 24,190,000.00','2022-09-13 01:10:00','Transafer Amount to the given account','110012555521503353','DR','2022-09-13 01:10:00','110012555521503353',6,'Transfer TZS 300,000.00 from [110012555521503353] to [110012555521503353]',_binary ''),(76,'300000.0',' TZS 24,190,000.00','2022-09-13 01:10:00','Transafer Amount to the given account','110012555521503353','CR','2022-09-13 01:10:00','110012555521503353',6,'Transfer TZS 300,000.00 from [110012555521503353] to [110012555521503353]',_binary ''),(77,'300000.0',' TZS 24,190,000.00','2022-09-13 01:11:40','Transafer Amount to the given account','110012555521503353','DR','2022-09-13 01:11:40','110012555521503353',6,'Transfer TZS 300,000.00 from [110012555521503353] to [110012555521503353]',_binary ''),(78,'300000.0',' TZS 24,190,000.00','2022-09-13 01:11:40','Transafer Amount to the given account','110012555521503353','CR','2022-09-13 01:11:40','110012555521503353',6,'Transfer TZS 300,000.00 from [110012555521503353] to [110012555521503353]',_binary ''),(79,'300000.0',' TZS 24,190,000.00','2022-09-13 02:13:15','Transafer Amount to the given account','110012555521503353','DR','2022-09-13 02:13:15','110012555521503353',6,'Transfer TZS 300,000.00 from [110012555521503353] to [110012555521503353]',_binary ''),(80,'300000.0',' TZS 24,190,000.00','2022-09-13 02:13:15','Transafer Amount to the given account','110012555521503353','CR','2022-09-13 02:13:15','110012555521503353',6,'Transfer TZS 300,000.00 from [110012555521503353] to [110012555521503353]',_binary ''),(81,'300000.0',' TZS 24,190,000.00','2022-09-13 02:15:42','Transafer Amount to the given account','110012555521503353','DR','2022-09-13 02:15:42','110012555521503353',6,'Transfer TZS 300,000.00 from [110012555521503353] to [110012555521503353]',_binary ''),(82,'300000.0',' TZS 24,190,000.00','2022-09-13 02:15:42','Transafer Amount to the given account','110012555521503353','CR','2022-09-13 02:15:42','110012555521503353',6,'Transfer TZS 300,000.00 from [110012555521503353] to [110012555521503353]',_binary ''),(83,'300000.0',' TZS 24,190,000.00','2022-09-13 17:02:21','Transafer Amount to the given account','110012555521503353','DR','2022-09-13 17:02:21','110012555521503353',6,'Transfer TZS 300,000.00 from [110012555521503353] to [110012555521503353]',_binary ''),(84,'300000.0',' TZS 24,190,000.00','2022-09-13 17:02:21','Transafer Amount to the given account','110012555521503353','CR','2022-09-13 17:02:21','110012555521503353',6,'Transfer TZS 300,000.00 from [110012555521503353] to [110012555521503353]',_binary ''),(85,'1000000.0',' TZS 23,190,000.00','2022-09-15 12:11:44','Transfer 1,000,000 from Acc 110012555521503353 to Acc 110024210100032421','110024210100032421','DR','2022-09-15 12:11:44','110012555521503353',6,'Transfer TZS 1,000,000.00 from [110012555521503353] to [110024210100032421]',_binary ''),(86,'1000000.0',' TZS 10,000,000.00','2022-09-15 12:11:44','Transfer 1,000,000 from Acc 110012555521503353 to Acc 110024210100032421','110024210100032421','CR','2022-09-15 12:11:44','110012555521503353',6,'Transfer TZS 1,000,000.00 from [110012555521503353] to [110024210100032421]',_binary ''),(87,'1000000.0',' TZS 22,190,000.00','2022-09-15 12:19:39','Transfer 1,000,000 from Acc 110012555521503353 to Acc 110024210100032421','110024210100032421','DR','2022-09-15 12:19:39','110012555521503353',6,'Transfer TZS 1,000,000.00 from [110012555521503353] to [110024210100032421]',_binary ''),(88,'1000000.0',' TZS 11,000,000.00','2022-09-15 12:19:39','Transfer 1,000,000 from Acc 110012555521503353 to Acc 110024210100032421','110024210100032421','CR','2022-09-15 12:19:39','110012555521503353',6,'Transfer TZS 1,000,000.00 from [110012555521503353] to [110024210100032421]',_binary ''),(89,'1000000.0',' TZS 21,190,000.00','2022-09-15 12:21:09','Transfer 1,000,000 from Acc 110012555521503353 to Acc 110024210100032421','110024210100032421','DR','2022-09-15 12:21:09','110012555521503353',6,'Transfer TZS 1,000,000.00 from [110012555521503353] to [110024210100032421]',_binary ''),(90,'1000000.0',' TZS 12,000,000.00','2022-09-15 12:21:09','Transfer 1,000,000 from Acc 110012555521503353 to Acc 110024210100032421','110024210100032421','CR','2022-09-15 12:21:09','110012555521503353',6,'Transfer TZS 1,000,000.00 from [110012555521503353] to [110024210100032421]',_binary ''),(91,'1000000.0',' TZS 20,190,000.00','2022-09-15 12:45:10','Transfer 1,000,000 from Acc 110012555521503353 to Acc 110024210100032421','110024210100032421','DR','2022-09-15 12:45:10','110012555521503353',6,'Transfer TZS 1,000,000.00 from [110012555521503353] to [110024210100032421]',_binary ''),(92,'1000000.0',' TZS 13,000,000.00','2022-09-15 12:45:10','Transfer 1,000,000 from Acc 110012555521503353 to Acc 110024210100032421','110024210100032421','CR','2022-09-15 12:45:10','110012555521503353',6,'Transfer TZS 1,000,000.00 from [110012555521503353] to [110024210100032421]',_binary '');
/*!40000 ALTER TABLE `transaction` ENABLE KEYS */;
UNLOCK TABLES;

--
-- Table structure for table `user`
--

DROP TABLE IF EXISTS `user`;
/*!40101 SET @saved_cs_client     = @@character_set_client */;
/*!50503 SET character_set_client = utf8mb4 */;
CREATE TABLE `user` (
  `id` bigint(20) NOT NULL AUTO_INCREMENT,
  `account_locked` bit(1) DEFAULT NULL,
  `account_non_expired` bit(1) DEFAULT NULL,
  `account_non_locked` bit(1) DEFAULT NULL,
  `created_date` datetime NOT NULL,
  `credentials_non_expired` bit(1) DEFAULT NULL,
  `email` varchar(255) DEFAULT NULL,
  `enabled` bit(1) DEFAULT NULL,
  `first_name` varchar(255) DEFAULT NULL,
  `last_modified_date` datetime NOT NULL,
  `last_name` varchar(255) DEFAULT NULL,
  `mobile` varchar(255) DEFAULT NULL,
  `password` varchar(255) DEFAULT NULL,
  `username` varchar(255) DEFAULT NULL,
  `address` varchar(255) DEFAULT NULL,
  PRIMARY KEY (`id`)
) ENGINE=InnoDB AUTO_INCREMENT=11 DEFAULT CHARSET=latin1;
/*!40101 SET character_set_client = @saved_cs_client */;

--
-- Dumping data for table `user`
--

LOCK TABLES `user` WRITE;
/*!40000 ALTER TABLE `user` DISABLE KEYS */;
INSERT INTO `user` VALUES (1,_binary '\0',_binary '',_binary '','2022-07-26 01:12:05',_binary '','edson.fufu.21@gmail.com',_binary '','Edson','2022-07-26 01:12:05','Fufu','0769756640','$2a$10$1Q5X92OuzK7Uv8nyZuFHlePGPtOS0er7m2P4JGAHONfdAlveaxcq.','edson',NULL),(2,_binary '\0',_binary '',_binary '','2022-07-26 10:38:04',_binary '','eddy20062010@gmal.com',_binary '','Edson','2022-07-26 10:38:04','Fufu','0717150240','$2a$10$/zSw.gF3ujCpnEAo0rGbluCsMfzTkZHAhm40RK4xzRndk.kR8i.0.','admin',NULL),(3,_binary '\0',_binary '',_binary '','2022-07-26 15:10:08',_binary '','info@icinbank.co.tz',_binary '','General Ladger','2022-07-27 22:14:08','Account','0777999999','$2a$10$3McJ/BWLdndKUlLUlSfLEOaRST.jMs8KKkljl3ibM7lIHBC2CNaxe','glacc','P.O BOX 1213, Dar es Salaam, Tanzania'),(4,_binary '\0',_binary '',_binary '','2022-07-26 23:53:58',_binary '','jacklin.samson19@gmail.com',_binary '','Jacklin','2022-07-26 23:53:58','Samson','0768525138','$2a$10$dGcnnoDZ7VSniCtSb78qaeJrxZ2jOI0g5/DVS6f8MlIjB0ba/ngyO','jacklin',NULL),(5,_binary '\0',_binary '',_binary '','2022-07-26 23:58:34',_binary '','victoria.edson@gmail.com',_binary '','Victoria','2022-07-26 23:58:34','Edson','0777111111','$2a$10$Imld2EBsOAh3uWIRLILE2.sUOB8upW5Ttwmz1685a/Ej5MccCeS7.','victoria',NULL),(6,_binary '\0',_binary '',_binary '','2022-07-26 23:59:10',_binary '','vivian.edson@gmail.com',_binary '','Vivian','2022-07-26 23:59:10','Edson','0777222222','$2a$10$pNvfGGnfcxFtrL0.WbNbWONXhgBl3rPUG01y7M.1rjhLz8pP39eV6','vivian',NULL),(7,_binary '\0',_binary '',_binary '','2022-07-26 23:59:55',_binary '','vanessa.edson@gmail.com',_binary '','Vanessa','2022-07-26 23:59:55','Edson','0777333333','$2a$10$qQKdgo.v0Lht8zMc0BFcIu9.955vffZSX4vACp0Ds1XEZ7liLlJEi','vanessa',NULL),(8,_binary '\0',_binary '',_binary '','2022-07-27 00:00:48',_binary '','violet.edson@gmail.com',_binary '','Violet','2022-07-27 00:00:48','Edson','0777444444','$2a$10$VHc5qWH6nJqmVJIe.070Vu1LmjmSBIkAjABtZS3/F.HsMNaDYKlI2','violet',NULL),(9,_binary '\0',_binary '',_binary '','2022-07-27 00:01:40',_binary '','valerie.edson@gmail.com',_binary '','Valerie','2022-07-27 00:01:40','Edson','0777555555','$2a$10$U7e.s/GquSSzJAIcvGFcQeuXc67CSeHM0cnevcvTwvE2R02OEsW86','valerie',NULL),(10,_binary '\0',_binary '',_binary '','2022-07-27 23:30:43',_binary '','beatrice.biduda@gmail.com',_binary '','Beatrice','2022-07-27 23:30:43','Biduda','0655343182','$2a$10$ZKzPQp5mv9/hWuhDUCotiu1HsuuRscMNRxdqgUs6oK.XI9mF0UB3W','beatrice',NULL);
/*!40000 ALTER TABLE `user` ENABLE KEYS */;
UNLOCK TABLES;

--
-- Table structure for table `user_roles`
--

DROP TABLE IF EXISTS `user_roles`;
/*!40101 SET @saved_cs_client     = @@character_set_client */;
/*!50503 SET character_set_client = utf8mb4 */;
CREATE TABLE `user_roles` (
  `id` bigint(20) NOT NULL AUTO_INCREMENT,
  `created_date` datetime NOT NULL,
  `last_modified_date` datetime NOT NULL,
  `role` varchar(255) DEFAULT NULL,
  `user_id` bigint(20) DEFAULT NULL,
  PRIMARY KEY (`id`),
  KEY `FK55itppkw3i07do3h7qoclqd4k` (`user_id`),
  CONSTRAINT `FK55itppkw3i07do3h7qoclqd4k` FOREIGN KEY (`user_id`) REFERENCES `user` (`id`)
) ENGINE=InnoDB AUTO_INCREMENT=11 DEFAULT CHARSET=latin1;
/*!40101 SET character_set_client = @saved_cs_client */;

--
-- Dumping data for table `user_roles`
--

LOCK TABLES `user_roles` WRITE;
/*!40000 ALTER TABLE `user_roles` DISABLE KEYS */;
INSERT INTO `user_roles` VALUES (1,'2022-07-26 01:12:05','2022-07-26 01:12:05','ROLE_ADMIN',1),(2,'2022-07-26 10:38:04','2022-07-26 10:38:04','ROLE_ADMIN',2),(3,'2022-07-26 15:10:08','2022-07-26 15:10:08','ROLE_CUSTOMER',3),(4,'2022-07-26 23:53:58','2022-07-26 23:53:58','ROLE_CUSTOMER',4),(5,'2022-07-26 23:58:34','2022-07-26 23:58:34','ROLE_CUSTOMER',5),(6,'2022-07-26 23:59:10','2022-07-26 23:59:10','ROLE_CUSTOMER',6),(7,'2022-07-26 23:59:55','2022-07-26 23:59:55','ROLE_CUSTOMER',7),(8,'2022-07-27 00:00:48','2022-07-27 00:00:48','ROLE_CUSTOMER',8),(9,'2022-07-27 00:01:40','2022-07-27 00:01:40','ROLE_CUSTOMER',9),(10,'2022-07-27 23:30:43','2022-07-27 23:30:43','ROLE_CUSTOMER',10);
/*!40000 ALTER TABLE `user_roles` ENABLE KEYS */;
UNLOCK TABLES;
/*!40103 SET TIME_ZONE=@OLD_TIME_ZONE */;

/*!40101 SET SQL_MODE=@OLD_SQL_MODE */;
/*!40014 SET FOREIGN_KEY_CHECKS=@OLD_FOREIGN_KEY_CHECKS */;
/*!40014 SET UNIQUE_CHECKS=@OLD_UNIQUE_CHECKS */;
/*!40101 SET CHARACTER_SET_CLIENT=@OLD_CHARACTER_SET_CLIENT */;
/*!40101 SET CHARACTER_SET_RESULTS=@OLD_CHARACTER_SET_RESULTS */;
/*!40101 SET COLLATION_CONNECTION=@OLD_COLLATION_CONNECTION */;
/*!40111 SET SQL_NOTES=@OLD_SQL_NOTES */;

-- Dump completed on 2022-09-16 13:25:50
